file,label_ascii,label_vi,sample_rate,channels,subtype,duration_s,silence_pre_s,silence_post_s,tts_speed,tts_pitch,split
dataset/khong/khong_01.wav,khong,không,16000,1,PCM_16,0.861,0.3,0.32,135,42,train
dataset/khong/khong_02.wav,khong,không,16000,1,PCM_16,0.848,0.24,0.38,148,48,train
dataset/khong/khong_03.wav,khong,không,16000,1,PCM_16,0.815,0.36,0.25,160,53,train
dataset/khong/khong_04.wav,khong,không,16000,1,PCM_16,0.814,0.28,0.34,172,58,test
dataset/khong/khong_05.wav,khong,không,16000,1,PCM_16,0.929,0.4,0.3,145,64,test
dataset/mot/mot_01.wav,mot,một,16000,1,PCM_16,0.928,0.3,0.32,135,42,train
dataset/mot/mot_02.wav,mot,một,16000,1,PCM_16,0.911,0.24,0.38,148,48,train
dataset/mot/mot_03.wav,mot,một,16000,1,PCM_16,0.877,0.36,0.25,160,53,train
dataset/mot/mot_04.wav,mot,một,16000,1,PCM_16,0.873,0.28,0.34,172,58,test
dataset/mot/mot_05.wav,mot,một,16000,1,PCM_16,0.996,0.4,0.3,145,64,test
dataset/hai/hai_01.wav,hai,hai,16000,1,PCM_16,0.936,0.3,0.32,135,42,train
dataset/hai/hai_02.wav,hai,hai,16000,1,PCM_16,0.919,0.24,0.38,148,48,train
dataset/hai/hai_03.wav,hai,hai,16000,1,PCM_16,0.883,0.36,0.25,160,53,train
dataset/hai/hai_04.wav,hai,hai,16000,1,PCM_16,0.868,0.28,0.34,172,58,test
dataset/hai/hai_05.wav,hai,hai,16000,1,PCM_16,0.993,0.4,0.3,145,64,test
dataset/ba/ba_01.wav,ba,ba,16000,1,PCM_16,0.855,0.3,0.32,135,42,train
dataset/ba/ba_02.wav,ba,ba,16000,1,PCM_16,0.83,0.24,0.38,148,48,train
dataset/ba/ba_03.wav,ba,ba,16000,1,PCM_16,0.81,0.36,0.25,160,53,train
dataset/ba/ba_04.wav,ba,ba,16000,1,PCM_16,0.809,0.28,0.34,172,58,test
dataset/ba/ba_05.wav,ba,ba,16000,1,PCM_16,0.917,0.4,0.3,145,64,test
dataset/bon/bon_01.wav,bon,bốn,16000,1,PCM_16,0.894,0.3,0.32,135,42,train
dataset/bon/bon_02.wav,bon,bốn,16000,1,PCM_16,0.869,0.24,0.38,148,48,train
dataset/bon/bon_03.wav,bon,bốn,16000,1,PCM_16,0.846,0.36,0.25,160,53,train
dataset/bon/bon_04.wav,bon,bốn,16000,1,PCM_16,0.845,0.28,0.34,172,58,test
dataset/bon/bon_05.wav,bon,bốn,16000,1,PCM_16,0.95,0.4,0.3,145,64,test
