file,label,before_s,after_s,start_s,end_s,noise_db,energy_threshold_db
khong_01.wav,khong,0.8613125,0.385,0.23,0.615,-120.0,-110.0
khong_02.wav,khong,0.8475625,0.365,0.17,0.535,-120.0,-110.0
khong_03.wav,khong,0.8148125,0.345,0.29,0.635,-120.0,-110.0
khong_04.wav,khong,0.8138125,0.335,0.21,0.545,-120.0,-110.0
khong_05.wav,khong,0.92925,0.365,0.33,0.695,-120.0,-110.0
mot_01.wav,mot,0.9275625,0.445,0.23,0.675,-120.0,-110.0
mot_02.wav,mot,0.9113125,0.435,0.17,0.605,-120.0,-110.0
mot_03.wav,mot,0.87675,0.405,0.29,0.695,-120.0,-110.0
mot_04.wav,mot,0.8733125,0.395,0.21,0.605,-120.0,-110.0
mot_05.wav,mot,0.9956875,0.435,0.33,0.765,-120.0,-110.0
hai_01.wav,hai,0.9363125,0.455,0.23,0.685,-120.0,-110.0
hai_02.wav,hai,0.9190625,0.435,0.17,0.605,-120.0,-110.0
hai_03.wav,hai,0.88325,0.415,0.29,0.705,-120.0,-110.0
hai_04.wav,hai,0.8678125,0.385,0.21,0.595,-120.0,-110.0
hai_05.wav,hai,0.9933125,0.435,0.33,0.765,-120.0,-110.0
ba_01.wav,ba,0.85475,0.375,0.23,0.605,-120.0,-110.0
ba_02.wav,ba,0.82975,0.345,0.17,0.515,-120.0,-110.0
ba_03.wav,ba,0.81,0.335,0.29,0.625,-120.0,-110.0
ba_04.wav,ba,0.8090625,0.325,0.21,0.535,-120.0,-110.0
ba_05.wav,ba,0.9168125,0.355,0.33,0.685,-120.0,-110.0
bon_01.wav,bon,0.8943125,0.415,0.23,0.645,-120.0,-110.0
bon_02.wav,bon,0.8690625,0.385,0.17,0.555,-120.0,-110.0
bon_03.wav,bon,0.846125,0.375,0.29,0.665,-120.0,-110.0
bon_04.wav,bon,0.8445625,0.365,0.21,0.575,-120.0,-110.0
bon_05.wav,bon,0.95,0.385,0.33,0.715,-120.0,-110.0
