file,true_label,pred_label,top1_label,top1_score,top2_label,top2_score,top3_label,top3_score
khong_04.wav,khong,khong,khong,7.730069078505039,ba,47.34026750837054,hai,50.49082281650641
khong_05.wav,khong,khong,khong,7.992712581858916,ba,45.16095303126744,hai,47.243228149414065
mot_04.wav,mot,mot,mot,13.22558122727929,ba,47.50201420667695,bon,47.561763060720345
mot_05.wav,mot,mot,mot,11.007380803426107,bon,46.765182585943315,ba,46.8792663755871
hai_04.wav,hai,hai,hai,11.147985751812275,khong,45.349204913989915,ba,47.86795404222276
hai_05.wav,hai,hai,hai,10.001979990703303,ba,49.18548411857791,khong,49.356578036052426
ba_04.wav,ba,ba,ba,7.443344239265688,bon,44.72939178678725,khong,45.72609127892388
ba_05.wav,ba,ba,ba,9.644514883265776,bon,46.94914397215232,khong,48.82258397882635
bon_04.wav,bon,bon,bon,9.177253913879394,ba,44.47795793745253,mot,45.02214915577958
bon_05.wav,bon,bon,bon,11.262490762246621,ba,41.497512315448965,mot,47.642787979870306
